CD_MUNICIPIO,NM_MUNICIPIO,CD_CARGO,DS_CARGO,NR_VOTAVEL,NM_VOTAVEL,SQ_CANDIDATO,QT_VOTOS_TOTAL,QT_ZONAS_COM_VOTO,QT_SECOES_COM_VOTO,QT_LOCAIS_COM_VOTO
41335,BETIM,11,Prefeito,44,HERON DOMINGUES GUIMARAES,130001882197,108557,2,981,107
41335,BETIM,11,Prefeito,43,VINICIUS BRAGA SARAIVA DE RESENDE,130001921685,79096,2,981,107
41335,BETIM,13,Vereador,96,VOTO NULO,-1,54929,2,981,107
41335,BETIM,11,Prefeito,33,PEDRO HENRIQUE DE MOURA SILVA,130002031971,18734,2,981,107
41335,BETIM,13,Vereador,40,Partido Socialista Brasileiro,-3,7307,2,977,107
41335,BETIM,13,Vereador,44333,ROBERTO CARLOS DA SILVA,130001885060,5047,2,724,98
41335,BETIM,13,Vereador,23456,EDSON LEONARDO MONTEIRO,130001893863,4744,2,922,106
41335,BETIM,13,Vereador,77190,JOSE GREGÓRIO DA SILVA,130001885078,4463,2,821,103
41335,BETIM,13,Vereador,22555,PAULO ALVES CIRINO,130001921677,4339,2,833,98
41335,BETIM,13,Vereador,22222,LAYON DIAS SILVA,130001921667,4267,2,906,104
41335,BETIM,13,Vereador,43043,EDUARDO LUCIO ASSIMOS BRAGA,130001921634,4117,2,813,101
41335,BETIM,13,Vereador,44123,MARCOS ANTONIO RODRIGUES,130001885055,4115,2,601,99
41335,BETIM,13,Vereador,44777,WELLINGTON FERREIRA DE SOUZA,130001885057,4055,2,533,96
41335,BETIM,13,Vereador,22123,ALEXANDRE REZENDE TRINDADE,130001921661,3845,2,816,104
41335,BETIM,13,Vereador,65653,TIAGO SANTANA CASSIANO,130001921644,3562,2,794,102
41335,BETIM,13,Vereador,22369,ANTONIO AFONSO PEREIRA,130001921675,3243,2,794,103
41335,BETIM,13,Vereador,23208,IVANILDO DA CONCEICAO TEIXEIRA,130001893876,3064,2,568,93
41335,BETIM,13,Vereador,15678,CARLOS DE OLIVEIRA SILVA,130001905747,2952,2,820,102
41335,BETIM,13,Vereador,27777,KENEDY ALESSANDRO HENRIQUE DE SOUZA,130001921730,2926,2,634,103
41335,BETIM,13,Vereador,12000,ADÉLIO CARLOS DA SILVA,130002212685,2815,2,652,97
41335,BETIM,13,Vereador,22333,SILVANO FERREIRA MARTINS,130001921672,2790,2,567,92
41335,BETIM,13,Vereador,27500,KÁTIA BRANDAO AZEVEDO COSTA,130001921727,2771,2,825,104
41335,BETIM,13,Vereador,11222,LIESLEI DE LIMA CUSTODIO,130001905595,2683,2,631,94
41335,BETIM,13,Vereador,13013,JOSÉ LUIZ RODRIGUES,130001921637,2659,2,824,100
41335,BETIM,13,Vereador,70123,KLEBER EDUARDO DE SOUSA REZENDE,130001894763,2585,2,737,100
41335,BETIM,13,Vereador,22010,CARLOS ROBERTO DE CARVALHO,130001921674,2471,2,694,97
41335,BETIM,13,Vereador,40456,CLAUDIO FERNANDES,130001905686,2450,2,718,99
41335,BETIM,13,Vereador,70070,RODNEA MOREIRA DE OLIVEIRA BAESSA,130001894766,2428,2,273,72
41335,BETIM,13,Vereador,23830,GILBERTO MENDES DE OLIVEIRA,130001893873,2397,2,638,99
41335,BETIM,13,Vereador,11444,RICARDO JUNIO LANA,130001905597,2386,2,772,98
41335,BETIM,13,Vereador,10123,ANGELA MARIA DOS SANTOS ABRAMO,130001905796,2355,2,852,105
41335,BETIM,13,Vereador,15690,ALEXANDRE FERNANDO DA PAZ,130001905764,2349,2,428,88
41335,BETIM,13,Vereador,13300,EDSON RODRIGUES GONÇALVES,130001921648,2320,2,787,101
41335,BETIM,13,Vereador,12031,MIGUEL PINHEIRO DA SILVA,130002212678,2319,2,536,93
41335,BETIM,13,Vereador,22000,GILSON SOUSA DE CARVALHO,130001921676,2245,2,691,97
41335,BETIM,13,Vereador,11888,JOSÉ ROMÃO NEVES,130001905592,2057,2,605,92
41335,BETIM,13,Vereador,10777,RONIVON MARTINS DA SILVA,130001905813,2051,2,792,102
41335,BETIM,13,Vereador,10222,VITOR BRAZ MARIANELLI,130001905814,2049,2,735,103
41335,BETIM,13,Vereador,23023,NILO MARQUES BASILIO JUNIOR,130001893861,1987,2,403,85
41335,BETIM,13,Vereador,11456,WAGNER DEVAIR ROSA,130001905599,1853,2,656,97
41335,BETIM,13,Vereador,11111,JOSÉ FLAVIO DE LIMA,130001905591,1793,2,478,90
41335,BETIM,13,Vereador,12123,JOSÉ GERALDO DE FARIAS,130002212686,1784,2,590,89
41335,BETIM,13,Vereador,23123,LUCIENE MARIA FERREIRA,130001893860,1746,2,386,82
41335,BETIM,13,Vereador,40123,LUIZ CARLOS BATISTA DOS SANTOS,130001905689,1739,2,723,102
41335,BETIM,13,Vereador,77123,WEMERSON DUQUE PIRES,130001885087,1712,2,417,82
41335,BETIM,13,Vereador,11777,CARLOS RENATO DIAS MUNIZ,130001905603,1694,2,707,99
41335,BETIM,13,Vereador,77888,CESAR DA SILVA DUTRA,130001885084,1647,2,292,80
41335,BETIM,13,Vereador,23000,ELIAS GASPAR DE ARAUJO,130001893867,1623,2,709,90
41335,BETIM,13,Vereador,15456,MAURILIO CESAR MOREIRA DA SILVA,130001905751,1567,2,669,97
41335,BETIM,13,Vereador,70333,CARLOS ROBERTO PINHEIRO DA SILVA,130001894749,1522,2,572,92
41335,BETIM,13,Vereador,15147,WILLIAM ARAUJO PIMENTA,130001905761,1488,2,208,64
41335,BETIM,13,Vereador,10125,JOSE IRANI DA CRUZ,130001905807,1463,2,475,88
41335,BETIM,13,Vereador,15888,JOSE DIVINO DOS SANTOS,130001905756,1437,2,521,88
41335,BETIM,13,Vereador,23777,FLAVIO FERREIRA DA SILVA,130001893874,1426,2,332,81
41335,BETIM,13,Vereador,70555,ALESSANDRA RIBEIRO DE MEIRELES,130001894752,1403,2,250,71
41335,BETIM,13,Vereador,27456,ROBERTO MARTINS DOS REIS,130001921733,1395,2,257,73
41335,BETIM,13,Vereador,44999,ERASMO CARLOS OLIVEIRA DA SILVA,130001885047,1342,2,446,89
41335,BETIM,13,Vereador,40620,SANDRA MOREIRA NETO DIAS,130001905688,1325,2,592,94
41335,BETIM,13,Vereador,11112,ELZILENE AMBRÓSIO DE AGUIAR FERREIRA,130001905608,1320,2,427,86
41335,BETIM,13,Vereador,15000,PAULO SERGIO DE OLIVEIRA,130001905745,1278,2,386,81
41335,BETIM,13,Vereador,11555,FABIO RODRIGUES DE ALMEIDA,130001905594,1251,2,430,86
41335,BETIM,13,Vereador,11789,ADERBAL HIPOLITO LARA GOMES,130001905604,1210,2,533,92
41335,BETIM,13,Vereador,12130,SERGIO GOMES DA SILVA,130002212690,1195,2,348,76
41335,BETIM,13,Vereador,15555,JOSE NILTON DA SILVA,130001905757,1159,2,416,83
41335,BETIM,13,Vereador,70777,SEBASTIAO MILTON PASCOAL,130001894747,1148,2,465,86
41335,BETIM,13,Vereador,10999,DIONE RAFAEL DIAS,130001905801,1130,2,312,75
41335,BETIM,13,Vereador,11122,JOZIAS GONÇALVES DO NASCIMENTO,130001905593,1108,2,370,80
41335,BETIM,13,Vereador,40222,MARCELINO ANTONIO ALEXANDRE,130001905687,1101,2,413,85
41335,BETIM,13,Vereador,40910,HELIO APARECIDO DUTRA,130001905681,1083,2,184,59
41335,BETIM,13,Vereador,15333,EUVAGNER CAMILO PEREIRA,130001905753,1025,2,420,82
41335,BETIM,13,Vereador,22122,ALINE MARTINS DE MEDEIROS FONSECA,130001921678,1024,2,320,79
41335,BETIM,13,Vereador,40140,JACONIAS MARÇAL,130001905671,1020,2,201,56
41335,BETIM,13,Vereador,10200,CLAUDIMAR MARTINS VIEIRA,130001905800,1019,2,361,71
41335,BETIM,13,Vereador,65555,ANTÔNIO CARLOS BATINGA DE MATOS ROCHA,130001921639,1007,2,545,93
41335,BETIM,13,Vereador,15444,JAISEL DE OLIVEIRA PORTES,130001905749,1004,2,365,78
41335,BETIM,13,Vereador,44473,MARIA VANUZIA MENDES SANTOS,130001885061,995,2,479,90
41335,BETIM,13,Vereador,12500,ADEMAR SOARES FILHO,130002212675,960,2,469,86
41335,BETIM,13,Vereador,15234,JECIRLENIO TEIXEIRA DA ROCHA,130001905748,932,2,373,79
41335,BETIM,13,Vereador,70125,THIAGO FELIPE DE SOUZA CASTRO,130001894750,923,2,460,89
41335,BETIM,13,Vereador,77480,JOSE DO CARMO,130001885074,916,2,313,77
41335,BETIM,13,Vereador,11256,DIONATAS REZENDE GONÇALVES,130001905611,912,2,496,89
41335,BETIM,13,Vereador,40789,NILVAN JUSTINO MOREIRA BAETA,130001905673,906,2,475,95
41335,BETIM,13,Vereador,15777,DANIELA ALMEIDA SANTOS GANGA,130001905752,880,2,496,91
41335,BETIM,13,Vereador,77000,DENES GOMES CRUZ,130001885085,873,2,321,83
41335,BETIM,13,Vereador,11017,JOSUE DA SILVA MELO,130001905613,855,2,367,82
41335,BETIM,13,Vereador,11123,HALLEM BORGES SALDANHA,130001905598,840,2,348,74
41335,BETIM,13,Vereador,23623,ELZA MARQUES,130001893856,835,2,378,79
41335,BETIM,13,Vereador,13531,RONILDA MARIA SABINO LOBO,130001921643,828,2,301,68
41335,BETIM,13,Vereador,23133,ANDRE JUNIO DE OLIVEIRA,130001893864,796,2,299,80
41335,BETIM,13,Vereador,70789,JOANA DALVA DE OLIVEIRA PIRES FERNANDES,130001894759,789,2,343,75
41335,BETIM,13,Vereador,11011,JOSE AFONSO OLIVEIRA,130001905607,788,2,244,78
41335,BETIM,13,Vereador,11678,WEBERT PEREIRA DA COSTA,130001905596,782,2,212,69
41335,BETIM,13,Vereador,22130,CESAR HENRIQUE DA SILVA,130001921673,774,2,166,51
41335,BETIM,13,Vereador,10456,LEANDRO DOMINGOS GONÇALVES,130001905812,770,2,223,57
41335,BETIM,13,Vereador,70222,ANDERSON VINICIUS DE OLIVEIRA,130001894758,764,2,397,88
41335,BETIM,13,Vereador,65105,MAURIVAR NOVAIS,130001921636,728,2,208,67
41335,BETIM,13,Vereador,23913,DAVIDSON CARDOSO PEREIRA,130001893871,684,2,317,70
41335,BETIM,13,Vereador,15015,JOSE RAMOS MENDES,130001905758,684,2,236,67
41335,BETIM,13,Vereador,22777,RENATO ALVES DA COSTA,130001921665,680,2,178,65
41335,BETIM,13,Vereador,77510,JOANIR MARTINS COELHO,130001885068,645,2,104,40
41335,BETIM,13,Vereador,77456,WASHINGTON RODRIGUES DA SILVA,130001885076,638,2,353,82
41335,BETIM,13,Vereador,33123,RONIE VOM FONSECA,130002031982,610,2,343,78
41335,BETIM,13,Vereador,15115,FRANCISCO FAUSTINO JUNIOR,130001905754,606,2,258,67
41335,BETIM,13,Vereador,12311,DIMAS PEREIRA DE AMORIM,130002212692,604,2,244,65
41335,BETIM,13,Vereador,22789,HERIK SANTOS CANDIDO,130001921671,577,2,118,47
41335,BETIM,13,Vereador,40777,PEDRO PAULO DE SOUSA,130001905683,572,2,248,67
41335,BETIM,13,Vereador,27603,EDERALDO TERRA GONZAGA,130001921732,569,2,123,45
41335,BETIM,13,Vereador,15500,GESSI CAMPOS DE SOUZA,130001905760,556,2,248,73
41335,BETIM,11,Prefeito,21,JOSÉ AUGUSTO BERNARDES,130002367397,554,2,391,94
41335,BETIM,13,Vereador,12369,HUGO LEONARDO FRANÇA MARQUES,130002212688,544,2,57,23
41335,BETIM,13,Vereador,10300,ALESSANDRA ALVES DE OLIVEIRA,130001905795,542,2,313,70
41335,BETIM,13,Vereador,10333,MARIA APARECIDA DE ALMEIDA SOUSA,130001905809,527,2,207,59
41335,BETIM,13,Vereador,10830,ATILA JOSE MIRANDA DINIZ,130001905797,520,2,111,43
41335,BETIM,13,Vereador,22456,MEIRILANE RANGEL DE SOUZA ANDRADE,130001921669,516,2,317,68
41335,BETIM,13,Vereador,13000,GÊNESIS TEODORO DUARTE,130001921638,504,2,279,85
41335,BETIM,13,Vereador,33190,GLEISON ARRUDA DE OLIVEIRA,130002031992,501,2,221,67
41335,BETIM,13,Vereador,40234,CÉLIA MARIA PINTO,130001905666,499,2,132,52
41335,BETIM,13,Vereador,15123,MARCIONE PEREIRA DE JESUS,130001905750,495,2,151,55
41335,BETIM,13,Vereador,77500,ADILSON BATISTA DE OLIVEIRA,130001885073,493,2,103,31
41335,BETIM,13,Vereador,12345,FÁBIO DE FREITAS GUIMARÃES,130002212676,489,2,326,83
41335,BETIM,13,Vereador,27627,RAIMUNDO ANTONIO JOSE SALOMAO,130001921719,479,2,275,78
41335,BETIM,13,Vereador,33777,ELIANO SOARES PEREIRA,130002031981,475,2,209,66
41335,BETIM,13,Vereador,23333,PETERSON HENRIQUE DOS SANTOS,130001893865,474,2,230,60
41335,BETIM,13,Vereador,43777,CRISTIAN SOUZA LARA,130001921626,428,2,304,77
41335,BETIM,13,Vereador,30222,MARCELO ANTÔNIO OLIVEIRA RAMOS,130002212549,427,2,277,72
41335,BETIM,13,Vereador,33900,ANNA KARINA MACHADO MOREIRA,130002031990,413,2,251,63
41335,BETIM,13,Vereador,27190,ERLEI GONCALVES AMARAL,130001921717,411,2,280,74
41335,BETIM,13,Vereador,50777,WANDERLEY RUAN GOMES DEBIAN,130002369390,410,2,284,74
41335,BETIM,13,Vereador,10789,CHARLES RODRIGUES CHAVES,130001905810,377,2,40,12
41335,BETIM,13,Vereador,70700,AMILTON DO NASCIMENTO,130001894755,373,2,219,58
41335,BETIM,13,Vereador,15111,LOURIVAN LOPES MIRANDA,130001905762,366,2,254,69
41335,BETIM,13,Vereador,27123,JAIME EUSTAQUIO DE PAULA,130001921725,353,2,227,63
41335,BETIM,13,Vereador,65100,BARBARA RAVENA MARTINIANO DE ASSIS,130001921629,340,2,239,70
41335,BETIM,13,Vereador,50050,CELIA MARIA DA COSTA,130002369387,328,2,212,71
41335,BETIM,13,Vereador,10244,JEFERSSON CAMILO PEREIRA DA SILVA,130001905815,328,2,237,71
41335,BETIM,13,Vereador,33333,GERALDO ROBERTO COUTO,130002031975,310,2,240,70
41335,BETIM,13,Vereador,70147,PEDRO ALVES PEREIRA,130001894756,306,2,106,47
41335,BETIM,13,Vereador,13456,BÁRBARA CERQUEIRA E SOUZA MAIA,130001921645,301,2,231,72
41335,BETIM,13,Vereador,12043,MARCOS SIQUEIRA ALVARENGA,130002212689,296,2,194,68
41335,BETIM,13,Vereador,27888,GERALDO JOSE DOS SANTOS,130001921728,295,2,192,55
41335,BETIM,13,Vereador,45123,SILVANA MIRIAM DOS REIS,130001893879,282,2,202,65
41335,BETIM,13,Vereador,77200,ATAIDE AVELINO COSTA JUNIOR,130001885066,280,2,93,32
41335,BETIM,13,Vereador,44122,SHIRLEI GOMES DE MIRANDA GONCALVES,130001885056,278,2,196,62
41335,BETIM,13,Vereador,77770,EDSON JOSE PINTO,130001885075,276,2,158,53
41335,BETIM,13,Vereador,11070,LIVIA MARIA CORDEIRO CORTES,130001905602,276,2,187,50
41335,BETIM,13,Vereador,27027,MARIZA VIEIRA DOS SANTOS,130001921718,274,2,128,53
41335,BETIM,13,Vereador,77555,ELIETE PEREIRA DOS SANTOS,130001885067,255,2,193,63
41335,BETIM,13,Vereador,15222,SANTA RODRIGUES LIMA,130001905763,249,2,99,39
41335,BETIM,13,Vereador,65830,VANDECIR BATISTA LEANDRO DOS SANTOS,130001921631,247,2,128,52
41335,BETIM,13,Vereador,40500,DIANA RODRIGUES PEREIRA DE SÁ,130001905670,240,2,90,33
41335,BETIM,13,Vereador,30007,EDUARDO PEREIRA MARTINS,130002212556,240,2,168,68
41335,BETIM,13,Vereador,27180,ROSIMAR FERREIRA DE SOUZA,130001921735,238,2,107,38
41335,BETIM,13,Vereador,44555,JEANE RODRIGUES PINTO,130001885059,227,2,110,38
41335,BETIM,13,Vereador,44111,ANTONIO JOAO ARTHUSO LIMA,130001885052,220,2,149,57
41335,BETIM,13,Vereador,36123,SUDEMBERG DE OLIVEIRA ALVES,130002212603,216,2,96,37
41335,BETIM,13,Vereador,10000,RAMON JUNIOR DA SILVA LOPES,130001905798,215,2,43,24
41335,BETIM,13,Vereador,44844,ADENIANE SILVA COSTA DE SOUSA,130001885049,214,2,171,59
41335,BETIM,13,Vereador,33456,ANDRÉ MESSIAS SILVA LISBOA,130002031973,213,2,174,65
41335,BETIM,13,Vereador,40132,REINALDO JUNIO DE SOUZA SÁ,130001905677,211,2,123,45
41335,BETIM,13,Vereador,22321,CARLOS VINICIUS BARBOSA,130001921663,211,2,86,33
41335,BETIM,13,Vereador,36000,OSMAR PINTO FIUZA FILHO,130002212604,211,2,74,33
41335,BETIM,13,Vereador,22024,SERGIO MARCOS APARECIDO TEIXEIRA,130002031936,193,2,128,52
41335,BETIM,13,Vereador,18754,MARCOS GERALDO SOARES DA SILVA,130002369396,192,2,87,36
41335,BETIM,13,Vereador,10580,FERNANDO JOSÉ DO NASCIMENTO MOREIRA,130001905806,188,2,110,37
41335,BETIM,13,Vereador,30123,ROGERIO PEREIRA MOREIRA FILHO,130002212557,181,2,145,48
41335,BETIM,13,Vereador,36007,JOVETE ALVES DE SOUZA,130002212599,177,2,64,20
41335,BETIM,13,Vereador,43000,ALISSON SOARES DE SOUZA,130001921627,177,2,103,52
41335,BETIM,13,Vereador,70127,WANER COSTA ALVES,130001894762,173,2,75,31
41335,BETIM,13,Vereador,77077,WANDERLEY CELESTINO DOS SANTOS,130001885086,171,2,116,40
41335,BETIM,13,Vereador,13123,CLAILTON SILVA SANTOS,130001921642,167,2,61,32
41335,BETIM,13,Vereador,15789,JOSE RENATO DOS SANTOS,130001905741,167,2,125,40
41335,BETIM,13,Vereador,13888,JUCELMA MARIA DE JESUS,130001921646,167,2,145,52
41335,BETIM,13,Vereador,43123,MARIA DE LURDES OLIVEIRA,130001921641,166,2,132,51
41335,BETIM,13,Vereador,33121,HELITON MARTINS DA SILVA,130002031988,165,2,138,58
41335,BETIM,13,Vereador,70889,ROSELY BARBOSA DA SILVA SILVEIRA,130001894764,165,2,59,17
41335,BETIM,13,Vereador,70678,JOSÉ MANOEL DA SILVA,130001894743,163,2,106,41
41335,BETIM,13,Vereador,70212,MARINHO COSTA DOS SANTOS,130001894746,161,2,48,15
41335,BETIM,13,Vereador,10321,VALERIA DOMINGUES OLIVEIRA SANTOS,130001905802,160,2,73,24
41335,BETIM,13,Vereador,22444,JOSILENE SIMAO VAZ,130001921682,157,2,112,41
41335,BETIM,13,Vereador,70456,ANASTACIO SOUTO BESSA,130001894745,157,2,119,55
41335,BETIM,13,Vereador,77369,LUCILENE VAZ TEOTONIO CAROLINO,130001885070,154,2,99,43
41335,BETIM,13,Vereador,77333,REGIANE APARECIDA DE SOUZA,130001885069,152,2,100,41
41335,BETIM,13,Vereador,22233,LUIS EUSTAQUIO FERREIRA,130001921680,151,2,55,22
41335,BETIM,13,Vereador,36373,BRUNO FONSECA VIANA,130002212605,149,2,54,27
41335,BETIM,13,Vereador,23420,GLEICE KENIA ROSA PEIXOTO,130001893870,149,2,82,34
41335,BETIM,13,Vereador,10111,SONIA APARECIDA SILVA DOS SANTOS,130001905803,145,2,75,34
41335,BETIM,13,Vereador,40258,EUDES FERREIRA PINTO,130001905682,145,2,121,47
41335,BETIM,13,Vereador,40124,FABRICIO NATALINO DE BRITO,130001905674,143,2,93,43
41335,BETIM,13,Vereador,43188,MARCINEA APARECIDA GANDRA,130001921649,143,2,101,42
41335,BETIM,13,Vereador,22422,MARILEIDE SANTOS RESENDE,130001921683,139,2,77,27
41335,BETIM,13,Vereador,40444,JOSÉ DO NASCIMENTO ELIAS,130001905685,138,2,115,35
41335,BETIM,13,Vereador,27012,JACKSON XAVIER DA SILVA,130001921723,135,2,98,41
41335,BETIM,13,Vereador,22022,GIULIANO SOARES,130001921679,132,2,98,44
41335,BETIM,13,Vereador,77001,JOSE MARTINS FERREIRA,130001885072,131,2,103,40
41335,BETIM,13,Vereador,27700,GERALDO LUIZ DE SALES,130001921729,130,2,107,48
41335,BETIM,13,Vereador,27300,NEUSA RAIMUNDA ROQUE ARCANJO,130001921736,129,2,105,32
41335,BETIM,13,Vereador,30456,GENECI SALDANHA DOS SANTOS,130002212560,129,2,114,52
41335,BETIM,13,Vereador,44222,ADRIANA ASSIS MARQUES,130001885051,129,2,104,45
41335,BETIM,13,Vereador,40830,MARIA GABRIELA PINTO DE OLIVEIRA,130001905680,127,2,36,16
41335,BETIM,13,Vereador,65456,PRISCILLA RIBEIRO DE FIGUEIREDO,130001921628,125,2,111,56
41335,BETIM,13,Vereador,44261,ADRIANO RODRIGUES NORONHA,130001885050,125,2,105,48
41335,BETIM,13,Vereador,70239,JANE GRAZIELE DE OLIVEIRA,130001894751,124,2,103,45
41335,BETIM,13,Vereador,77300,JONATAN PINHEIRO RODRIGUES,130001885077,124,2,41,19
41335,BETIM,13,Vereador,10444,JEAN CARLOS VIEIRA DE SOUZA,130001905804,124,2,102,46
41335,BETIM,13,Vereador,70192,GILSON CHAVES ORNELAS,130001894748,122,2,71,32
41335,BETIM,13,Vereador,23566,FERNANDO INACIO DA SILVA,130001893857,119,2,57,21
41335,BETIM,13,Vereador,27100,JACQUES ANTONIO MOREIRA,130001921737,119,2,74,29
41335,BETIM,13,Vereador,77222,WESLEY MARTIMILIANO DE MORAES MACHADO,130001885083,118,2,86,30
41335,BETIM,13,Vereador,70850,CLÁUDIO SANTOS DA SILVA,130001894760,114,2,51,16
41335,BETIM,13,Vereador,27830,ROSELENE SILVA PARANHOS OLIVEIRA,130001921734,113,2,91,41
41335,BETIM,13,Vereador,30877,JOSÉ EDUARDO SILVA,130002212542,113,2,52,24
41335,BETIM,13,Vereador,33111,PIERRE BRAGA PASSOS,130002031987,113,2,29,6
41335,BETIM,13,Vereador,12900,MARIA DO PERPETUO SOCORRO SANTANA,130002212687,108,2,71,35
41335,BETIM,13,Vereador,33377,JOAO BOSCO SILVA,130002031984,107,1,62,23
41335,BETIM,13,Vereador,77155,ZÉLIA TIAGO DE SOUZA,130001885082,104,2,51,21
41335,BETIM,13,Vereador,36001,EDEMIR DO CARMO MAIA,130002212608,100,2,80,28
41335,BETIM,13,Vereador,13153,ANILSON DOMINGOS,130001921630,99,2,82,37
41335,BETIM,13,Vereador,23012,ALAN PATRICK CLAUDINO,130001893875,98,2,76,38
41335,BETIM,13,Vereador,15517,ESTEFANIA PEREIRA DE PAULA SILVA,130001905755,96,2,68,25
41335,BETIM,13,Vereador,40336,GENI ROSA DA LUZ JACINTHO,130001905672,95,2,75,36
41335,BETIM,13,Vereador,12300,NELSON JOSÉ DA COSTA,130002212695,95,2,49,21
41335,BETIM,13,Vereador,30030,THIAGO FRANCO CARNEIRO NOBRE,130002212558,94,2,82,45
41335,BETIM,13,Vereador,30777,WALTER GOMES DE OLIVEIRA,130002212559,93,2,82,41
41335,BETIM,13,Vereador,12121,JÚLIA DOS ANJOS PÊGO,130002212683,92,2,67,35
41335,BETIM,13,Vereador,43456,ROBSON FERNANDO STARLINO,130001921647,89,2,53,22
41335,BETIM,13,Vereador,33070,CAIO HENRIQUE FAUSTINO DE CASTRO,130002031980,88,2,64,26
41335,BETIM,13,Vereador,15237,ELISANGELA DE MORAIS CUPERTINO SILVA,130001905744,87,2,69,36
41335,BETIM,13,Vereador,40051,ISAAC FERNANDO COELHO,130001905679,86,2,58,26
41335,BETIM,13,Vereador,30333,DAVI CORREIA NUNES,130002212555,85,2,74,31
41335,BETIM,13,Vereador,70900,JOSÉ MARIA DE JESUS CÂNDIDO,130001894753,84,2,54,26
41335,BETIM,13,Vereador,10555,DAYANE ALVES DA SILVA,130001905811,83,2,58,28
41335,BETIM,13,Vereador,18171,ESRON DE SENA PEREIRA,130002369393,83,2,50,19
41335,BETIM,13,Vereador,23222,ARI BORGES DE FATIMA,130001893877,80,2,51,25
41335,BETIM,13,Vereador,22001,EDNA RODRIGUES DE SOUZA,130001921662,80,2,59,26
41335,BETIM,13,Vereador,30000,PEDRO BATISTA NOÉ,130002212543,79,2,57,33
41335,BETIM,13,Vereador,40770,GILSON GLÓRIA DE JESUS,130001905684,77,2,51,25
41335,BETIM,13,Vereador,12640,DANIEL SIMÃO NETO,130002212679,77,2,55,27
41335,BETIM,13,Vereador,11999,MARTA DO CARMO SOARES,130001905605,75,2,61,28
41335,BETIM,13,Vereador,27789,RAIMUNDO VIEIRA DA SILVA,130001921716,74,2,66,36
41335,BETIM,13,Vereador,12007,SERGIO JOSÉ SILVA,130002212691,73,2,64,36
41335,BETIM,13,Vereador,10110,RAFAEL CHAGAS MARTINS,130001905805,72,2,42,16
41335,BETIM,13,Vereador,12333,PEDRINHA SANTOS SILVA,130002212684,72,2,55,25
41335,BETIM,13,Vereador,50010,JOSE DA PAIXÃO DE JESUS,130002369395,72,2,41,15
41335,BETIM,13,Vereador,23710,GIRLENE RAMOS COELHO,130001893859,72,2,44,19
41335,BETIM,13,Vereador,36030,DELVA GOMES RIBEIRO GONÇALVES PIRES,130002212600,71,2,67,37
41335,BETIM,13,Vereador,15732,GENA VIANA DE OLIVEIRA ALMEIDA,130001905759,70,2,49,27
41335,BETIM,13,Vereador,70888,PAULO CESAR DE LAIA JUNIOR,130001894744,70,2,59,25
41335,BETIM,13,Vereador,12456,BRUNA CARLA ANDRADE SANTANA,130002212674,70,2,62,32
41335,BETIM,13,Vereador,33222,TIAGO HENRIQUE DE SOUZA RABELO,130002031976,69,2,59,38
41335,BETIM,13,Vereador,40321,RICARDO DE OLIVEIRA LOBATO,130001905669,69,2,53,24
41335,BETIM,13,Vereador,43333,ELI ALVES BOMFIM,130001921633,66,2,54,24
41335,BETIM,13,Vereador,22722,IVAN JACINTO DE SOUZA,130001921670,65,2,56,32
41335,BETIM,13,Vereador,33000,ALIOMAR FERREIRA PASSOS,130002031977,64,2,57,32
41335,BETIM,13,Vereador,50000,JOSE RIVALDO RODRIGUES DE OLIVEIRA,130002369394,64,2,48,17
41335,BETIM,13,Vereador,30100,ANDRE ALVES DE FARIA,130002212546,64,2,46,20
41335,BETIM,13,Vereador,11147,APARECIDA MARIA SILVA,130001905590,63,2,45,19
41335,BETIM,13,Vereador,11333,WALTER DOS SANTOS BELINELLI,130001905609,63,2,41,15
41335,BETIM,13,Vereador,40192,ALESSANDRA DA CRUZ,130001905678,61,2,45,23
41335,BETIM,13,Vereador,40270,GRAZIELE BORGES MARINHO SILVA,130001905667,61,2,50,24
41335,BETIM,13,Vereador,44244,NILTON VIEIRA DOS SANTOS,130001885053,60,2,31,13
41335,BETIM,13,Vereador,77007,NEUSA FERNANDES COTA,130001885079,58,2,38,17
41335,BETIM,13,Vereador,23033,LEILA ALVES XAVIER CATARINA,130001893878,58,2,50,31
41335,BETIM,13,Vereador,40298,SEBASTIÃO CALIXTO DA SILVA,130001905668,58,2,41,20
41335,BETIM,13,Vereador,36013,RAFAELA SILVA ALVES PEREIRA,130002212607,57,2,51,31
41335,BETIM,13,Vereador,11012,WALDIRENE LOURDES DE FARIA,130001905601,56,2,54,29
41335,BETIM,13,Vereador,27001,WARLEY DIAS DE SOUZA,130001921722,56,2,47,26
41335,BETIM,13,Vereador,77170,GECI DE SALES BRANDAO,130001885071,54,2,44,18
41335,BETIM,13,Vereador,44000,KLAIVER JUNKER JARDIM,130001885054,54,2,44,24
41335,BETIM,13,Vereador,30300,IRACI BARBOSA DA SILVA,130002212548,54,2,44,19
41335,BETIM,13,Vereador,33422,PENHA LUCAS ROCHA,130002031993,54,2,37,14
41335,BETIM,13,Vereador,70345,JULIO CESAR COSTA,130001894761,52,2,42,27
41335,BETIM,13,Vereador,45333,NEILSON VIANA GOMES,130001893868,51,2,39,24
41335,BETIM,13,Vereador,27077,MARIA DAS GRAÇAS OLIVEIRA DE ARAUJO,130001921720,50,2,42,22
41335,BETIM,13,Vereador,18888,WALBER LUIZ BASTOS JUNIOR,130002369388,50,2,47,32
41335,BETIM,13,Vereador,10318,RITA MARIANA DA SILVA BATISTA,130001905808,48,2,43,31
41335,BETIM,13,Vereador,12580,ROSIMERE PEREIRA DA COSTA,130002212682,48,2,44,27
41335,BETIM,13,Vereador,11700,NEUSA COSTA FERREIRA,130001905612,48,2,42,25
41335,BETIM,13,Vereador,70027,MARIA DEL MAR FERRER JORDA POBLET,130001894765,47,2,40,21
41335,BETIM,13,Vereador,12122,SARA KARLA TINOCO FERREIRA,130002212681,47,2,43,25
41335,BETIM,13,Vereador,30107,CLERISSON BATISTA PARDIM,130002212544,46,2,20,3
41335,BETIM,13,Vereador,40231,GLAUCIA GOMES DE SOUZA,130001905675,45,2,31,10
41335,BETIM,13,Vereador,11733,MARILEIA DE OLIVEIRA SILVA BATISTA,130001905610,45,2,33,10
41335,BETIM,13,Vereador,11771,SANDRA MENDES PRATA,130001905600,44,2,26,10
41335,BETIM,13,Vereador,18222,RODRIGO CEZAR MIRANDA DE FREITAS,130002369392,44,2,34,15
41335,BETIM,13,Vereador,15031,DEBORA BRUNA ALVES LOBATO,130001905743,43,2,40,31
41335,BETIM,13,Vereador,77288,TATIANA FRANCISCO PINHEIRO,130002212356,42,2,33,12
41335,BETIM,13,Vereador,22832,JOSE CARLOS ALVES PEREIRA,130001921668,42,2,32,17
41335,BETIM,13,Vereador,22092,ANGELINA CAMPOS ROSSEAU LOUZADA,130001921681,42,2,35,19
41335,BETIM,13,Vereador,30010,MARLI ALVES DOS SANTOS,130002212553,42,2,32,17
41335,BETIM,13,Vereador,44113,JOSE JOAQUIM FERREIRA NETO,130001885058,41,2,29,12
41335,BETIM,13,Vereador,33444,EDVALDO FERNANDES DOS SANTOS,130002031978,40,2,37,24
41335,BETIM,13,Vereador,27187,FERNANDO FIGUEIREDO DA SILVA,130001921726,40,2,31,13
41335,BETIM,13,Vereador,30789,ELISMARY COLARES PEREIRA,130002396361,39,2,34,23
41335,BETIM,13,Vereador,23111,DIRCEU RAMOS DO ESPIRITO SANTO,130001893858,38,2,34,18
41335,BETIM,13,Vereador,70234,ANA LUIZA FAGUNDES,130001894754,38,2,31,17
41335,BETIM,13,Vereador,40193,MOISÉS ALVES BARCELOS,130001905676,35,2,22,8
41335,BETIM,13,Vereador,27999,FERNANDO BONIFACIO MENDES SANTANA,130001921724,35,2,23,8
41335,BETIM,13,Vereador,22888,CENIL TEODORO DA SILVA SOUZA,130001921664,33,2,30,18
41335,BETIM,13,Vereador,12777,MARIA AGUINALDA DE ARAÚJO,130002212680,33,2,28,11
41335,BETIM,13,Vereador,15223,RITA DE CASSIA DA SILVA CARVALHO,130001905746,32,2,27,19
41335,BETIM,13,Vereador,33022,JEICKSON BRUNO DE SOUZA SILVA ROGERIO,130002031983,31,2,30,21
41335,BETIM,13,Vereador,11023,FLAVIO RODRIGUES DA SILVA,130001905606,30,2,29,17
41335,BETIM,13,Vereador,36063,LUÍS CARLOS DE SOUSA E SILVA,130002212596,29,2,21,17
41335,BETIM,13,Vereador,70012,LANA JOSINO DE ASSIS,130002396390,29,2,26,19
41335,BETIM,13,Vereador,27908,ZAIRA APARECIDA GONÇALVES RODRIGUES,130001921715,29,2,26,17
41335,BETIM,13,Vereador,12612,CARLOS ROBERTO MIRANDA ROSA,130002212694,27,2,24,14
41335,BETIM,13,Vereador,43003,SIMONE MARTINS DA SILVA,130001921635,27,2,25,18
41335,BETIM,13,Vereador,36274,VITORIA ELEN SANTOS DE SOUZA,130002212606,26,2,21,7
41335,BETIM,13,Vereador,12252,WALLAS DE PAULA DA SILVA,130002212693,26,2,24,12
41335,BETIM,13,Vereador,22115,PATRICIA PASSINI GONÇALVES SILVA VENTIN,130001921666,26,2,18,9
41335,BETIM,13,Vereador,33100,ELIANE SOARES RIBEIRO,130002031991,25,2,19,7
41335,BETIM,13,Vereador,43433,RAMON DE OLIVEIRA FARIA,130001921632,25,2,25,17
41335,BETIM,13,Vereador,18123,OLIVIA DE SOUZA PEREIRA DE ANDRADE,130002369391,24,2,23,14
41335,BETIM,13,Vereador,30250,HELEYKA GOMES TEIXEIRA FRAGA,130002212547,24,2,19,13
41335,BETIM,13,Vereador,23445,MARIUSA DE FATIMA TRINDADE MIRANDA,130001893862,23,2,19,13
41335,BETIM,13,Vereador,30963,JOÃO FELIPE CAMARGOS SOARES,130002212545,22,2,19,12
41335,BETIM,13,Vereador,12255,IVO SPAGNOL BASTOS PINTO,130002212677,21,1,19,11
41335,BETIM,13,Vereador,44007,JANE LUCINEIA PEREIRA DE AZEREDO CORREA,130001885048,20,2,17,13
41335,BETIM,13,Vereador,30180,CRISTIANA GOMES DOS REIS,130002212550,20,2,18,13
41335,BETIM,13,Vereador,23330,ERIKA CRISTINA DE SOUZA,130001893869,19,2,15,7
41335,BETIM,13,Vereador,18456,EVERTON PAIVA,130002369389,18,2,16,6
41335,BETIM,13,Vereador,15088,RAFAELA HORTA TAVARES,130001905742,18,2,16,15
41335,BETIM,13,Vereador,18190,WESLEY ADRIANO LEITE,130002369397,17,2,15,10
41335,BETIM,13,Vereador,77144,JUSSARA SOUZA DE CARVALHO,130001885088,16,1,15,7
41335,BETIM,13,Vereador,30330,IVANILDA RAMOS DA NEIVA,130002212551,15,2,14,11
41335,BETIM,13,Vereador,50500,THALITA CASSIMIRO DE ALMEIDA ROCHA,130002380271,13,2,13,8
41335,BETIM,13,Vereador,23122,NOELLE ELIZABETH SILVA DE SOUZA,130001893872,12,2,12,7
41335,BETIM,13,Vereador,23022,DENIS DE ASSIS OLIVEIRA,130001893866,12,2,12,11
41335,BETIM,13,Vereador,18000,ROSANGELA MARIA DE OLIVEIRA,130002380268,11,2,9,5
41335,BETIM,13,Vereador,77744,BRUNA PEREIRA CARVALHO DE OLIVEIRA,130001885080,10,2,10,8
41335,BETIM,13,Vereador,43330,JUVENIL LOPES FERREIRA,130001921640,10,1,8,6
41335,BETIM,13,Vereador,10022,VITOR DANIEL RODRIGUES MANSUR,130001905799,9,2,9,6
41335,BETIM,13,Vereador,18012,NATHALIE BUENO OTONI,130002380269,9,1,9,4
41335,BETIM,13,Vereador,27000,BENEDITO LUIZ DE JESUS,130001921714,7,2,7,6
41335,BETIM,13,Vereador,18777,FABIANE GONÇALVES CORREA,130002380270,7,1,5,3
41335,BETIM,13,Vereador,36193,JONAS MENDES DE SOUSA,130002212601,6,2,5,5
41335,BETIM,13,Vereador,33221,JULIANA JUNIA DE MELO RIBEIRO,130002031979,6,2,6,5
41335,BETIM,13,Vereador,36036,EDUARDO ALVES DOS SANTOS JUNIOR,130002212597,2,1,1,1
41335,BETIM,13,Vereador,33223,LUZIA NATALICIA FONTES,130002398322,2,2,2,2
41335,BETIM,13,Vereador,36012,PATRICIA APARECIDA VIEIRA FERREIRA,130002212598,1,1,1,1
